id,is_a11y_bug,criterion,severity,has_repro,labeler,notes
demo#1,1,1.1.1,1,1,synthetic,plumbing test only
demo#2,1,1.2.2,2,1,synthetic,plumbing test only
demo#3,1,1.3.1,2,1,synthetic,plumbing test only
demo#4,1,1.4.3,1,1,synthetic,plumbing test only
demo#5,1,2.1.1,2,1,synthetic,plumbing test only
demo#6,1,2.1.2,2,1,synthetic,plumbing test only
demo#7,1,2.2.1,2,0,synthetic,plumbing test only
demo#8,1,2.4.7,1,1,synthetic,plumbing test only
demo#9,1,3.3.1,2,1,synthetic,plumbing test only
demo#10,1,4.1.2,1,1,synthetic,plumbing test only
demo#11,0,,,0,synthetic,plumbing test only
demo#12,0,,,1,synthetic,plumbing test only
